nconst,originalName,birthYear,deathYear,knownName,primaryProfession
54147,Patricia Wood,1993,2020,Katherine Henderson,writer
47677,Steven Johnson,1945,1956,David Hampton,actor
95444,Haley Burton,2007,0,Melissa Ford,director
77207,Jessica Hayes,2019,2020,Brad Bender,writer
75089,Mr. John Nelson,1954,0,Shelly Whitehead,actor
69319,Stacey Silva,1987,0,Gregory Mcgrath,director
61613,John Jones,2015,2018,Daniel Kennedy,director
17711,Allison Simmons,1998,2020,Stephanie Mcgee,director
74982,Lydia Bell,1965,0,Olivia Alexander,writer
96762,Karen Brooks,1966,1988,John Klein,director
16161,Robert Fox,1984,2014,Teresa Davis,actor
24043,Nicole Hernandez,2024,0,Grace Martin,actor
36771,Gary Scott,1989,2001,Mrs. Kristin Herrera MD,writer
44839,Erin Perkins,2000,2006,Brian Moore,actor
85986,Frederick Frost,1964,1995,Jessica Davis,director
17531,Alexander Khan,1938,1987,Ralph Roth,director
98606,Leslie Higgins,1913,1952,Christopher Smith,director
21177,Lauren Ross,2001,2024,Eric Huang,actor
29757,Loretta Hill,1969,0,Robert Lee,writer
83548,Melissa Jones,1925,0,James Gray,writer
99597,Michael Walters,1964,2013,Mr. Austin Meyer,actor
53853,Jeffrey Mcmahon,1987,0,Amanda Gomez,actor
83243,Jerry Kelley,1930,0,Shannon Garrett,writer
38095,Michael Wilson,1951,0,Christopher Hinton,actor
80256,Stephanie Newton,1940,0,Tiffany Brown,actor
99758,Jose Robinson,1923,1963,Lisa Turner,writer
37305,Robert Rodriguez,1912,0,Barry Parsons,director
93748,Lauren Beard,1920,0,Kelly Bradley,director
43529,Gene Santana,2009,0,Dawn Kennedy,director
11964,Michael Smith,1921,2002,Tiffany Garza,actor
22230,Jose Rosales,1967,0,Gina Ferrell,writer
98934,Anthony Morgan,1969,0,Dr. Derek Harrison,writer
90285,Melissa Hudson,1922,0,Chad Hopkins,director
56590,Amanda Palmer,1997,0,Jesse Jones,director
43499,Jonathan Cox,1946,0,Emily Thomas,writer
87216,Samantha Wong,1968,0,Shawn White,director
94796,Calvin Andrade,1922,1966,Donna Morgan,actor
32080,Michael Kirby,2016,2018,Brian Mills,director
56672,Kathy Scott,1907,1927,Rebecca Black,director
21108,Kerri Mccarty,1938,0,Bruce Lamb,director
42396,Stacey White,1922,0,Heather Snyder,director
85701,Richard Williams,1961,0,Laura Lewis,director
48057,Edward Davis,1979,0,William Price,writer
16639,Melissa Anderson,1987,2024,Tiffany Hamilton,writer
53700,Erica Holt,1935,0,Alan Guerrero,actor
26348,Michael Newton,1953,1974,Angelica Baker,director
57515,Alyssa Perez,1926,1957,Margaret Johnson,director
90466,Brianna Jackson,1941,0,David Carroll,writer
61688,Carmen Wright,1957,0,Jennifer Kelly,writer
31663,Brandon Harris,2022,0,Pamela Freeman,director
24601,Hannah Christensen,1977,1996,Sarah Reynolds,director
91887,Jason Cummings,1908,0,Donald Foley,writer
62541,Nathan Curtis,1918,1932,Judy Allen,director
29177,Larry Russell,1972,2023,Jason Johnson,director
65963,Lucas Reyes,2008,2010,Kerri Contreras,director
40824,Briana Higgins,2009,2022,Colleen Nichols,actor
14706,Donald Walsh,1996,0,Shannon Perez,director
82410,Cindy Klein,2009,2022,Robert Woods,writer
61923,April Kelley,1949,0,Emily Jones,director
33944,Christopher Curtis,1906,1910,Daniel Evans,writer
56659,Edwin Walters,1911,0,Jeanne Greene,director
44388,Chloe Ford,2023,2024,Clayton Alexander,actor
73774,Ashley Abbott,1966,1994,Peter Johnston,writer
40199,James Morrison,2003,2007,Jared Summers,director
11957,Melissa Kennedy,1964,1988,Howard Miles,director
18652,Ian Young,1978,2015,Cody Wallace,writer
45223,Susan Wang,2004,2020,Regina Lyons,actor
99787,David Chavez,2012,0,Hayden Gutierrez,director
88975,Zachary Cook,1963,2021,Stephanie Johnson,writer
74487,Rachel Richardson,1915,2012,Kristy Kennedy,director
37211,Bill Erickson,1984,0,Donna Mendoza,writer
20517,Kyle Stokes,2013,2024,Tanya Carpenter,actor
14068,Kevin Henry,1949,0,Margaret Wilson,writer
12049,Derek Daniels,1992,2010,Jennifer Hardy,writer
84725,Donald Rogers,1991,1994,James Larson,writer
26929,John Whitehead,1905,0,Kyle Reyes,director
37523,Troy Williams,2024,0,Kelly Wheeler,writer
48791,Nicole Snyder,1914,0,Justin Adams,director
36702,Debbie Wilcox DVM,2023,2024,Maria Sanchez,actor
70676,Charles Molina,1967,0,Sara Wheeler,director
55400,Michael Lawrence,2010,2021,Kaitlin West,actor
38737,Stacy Bailey,1919,0,Shelly Skinner,writer
31372,Jeffrey Jacobson,1942,1997,Brittany Woods,writer
66514,Christine Simpson,1965,0,Tammy Ruiz,actor
60698,Nathan Henderson,1915,0,Marissa Soto,director
36836,Martin Smith,1954,1993,Lisa Garcia,actor
94363,Angela Olsen,1962,0,Michael Cooke,director
57325,Christopher Porter,1995,2021,William Anderson,actor
25293,Rachel Wright,1987,0,Brandy Baker DDS,actor
25091,Jeffrey Knight,1907,0,Michael Sanders,actor
37111,Kelly Wright,2008,2019,April Jones,actor
44102,Cheryl Cross,1929,1978,Shelby Marshall,writer
71071,Emily Thomas,2006,0,Sharon Gill,writer
85558,Sandra Thornton,1989,0,Stacey Smith,director
86967,Kristopher Williams,1995,2011,Riley Wolfe,actor
69868,Gordon Callahan,1924,1995,Sharon Chang,actor
57994,Ronald Wilson,1986,2022,Joshua Moore,actor
87743,Laura King,1906,1956,Holly Raymond,director
94233,Christopher Johnson,1955,0,James Sanchez,actor
68591,Joseph Hooper,1942,2019,Alexander Frye DVM,actor
35119,Philip Decker,1965,0,Amanda Gonzalez,director
38065,Shannon James,2013,0,Jennifer Smith,director
70132,Phillip Wang,1901,0,Christopher Ware,actor
23049,Sarah Miller,1908,0,Cassandra Rose,writer
28457,Samuel Higgins,1952,0,Paul White,director
88414,Sarah Turner,2022,2024,Kristen Lee,actor
89383,Brenda Guzman,1981,2014,Brooke Park,writer
44294,Allison Washington,1978,0,Mario Gutierrez,director
85019,Judith Mathews,1912,2005,Kathryn Green,director
53622,Kevin Harding,2016,2019,Kristin Petersen,director
47887,Michael Davis,1953,0,Julie Deleon,director
35497,Samantha Monroe,1961,0,Daniel Cordova,writer
51745,Ryan Ford,1911,0,Joel Perez,writer
75997,Amy Orozco,1939,1941,Ian Chambers,director
48359,Harold Davis II,2006,0,Sherry Stokes,director
52467,Shaun Cole,1942,1975,Sara Juarez,actor
61573,Jason Estes,1957,0,Gabriel Whitehead,writer
23707,Brent Flores,1981,0,Ashley Adkins,director
32419,Austin Braun,1916,1934,Nancy Payne,director
69960,Mark Robertson,1967,0,Shawn Marshall,director
47173,Amy Brown,1914,1984,Donald Newton,director
52341,Raymond Harper,1910,0,Pamela Holloway,director
70045,Corey Carlson,1926,1933,Joe Bryan,actor
41380,Sara Cooper,2022,2024,William Shah,writer
16049,Melissa Garcia,1949,2008,Laura Stokes,director
47131,Joshua Bryant,1981,2010,Tamara Shepherd,director
82676,Sean Smith,1917,0,Priscilla Lewis DDS,actor
30008,Christina Townsend,2010,2024,Stacy Moran,actor
37083,Tom Mcdaniel,1944,0,Anthony Allen,director
30604,Tonya Pennington,1959,1996,Michele Woods,actor
88786,Keith West IV,1912,0,Maria Evans,director
85338,Peter Decker,1950,0,Kelly Martinez,writer
29449,Ralph Lopez,1996,2001,Jeffrey Williams,director
53054,Marie Padilla,1967,0,Donald Gonzalez,actor
25570,Angela Odonnell,1921,1938,Jessica Thomas,actor
58421,Laurie Cortez,1994,0,Terry Spencer,actor
95407,Paul Malone,1949,2002,Dr. Jacob Wright MD,actor
56343,Laurie Vance,1974,2010,Nathaniel Perkins,director
53175,Jeremy Payne,1914,2020,Maria Perry,writer
53174,Blake Smith,1988,1994,Jack Harris,writer
88552,Brian Liu,2007,2009,Ana Warner,writer
59613,Daniel Deleon,1945,0,Deborah Schneider,actor
42968,Guy Hill,1958,0,Robert Leonard,director
64441,Tabitha Green,1975,0,Meredith Juarez,director
77845,Karen Jones,1972,0,Robert Allen,actor
17918,Edward White,2018,2019,Mr. Kyle Davis,writer
51032,Patricia Edwards,1911,1976,Aaron Flores,actor
64623,Joseph Mendoza,1997,2005,Donald Campbell,actor
89933,Christopher Schmidt,1932,0,Michael Rush,actor
41118,James Fuller,2013,0,Jeffrey Blankenship,director
18778,Christopher Todd,1952,2020,Micheal Walker,actor
71671,Tommy Davis,2021,0,Lisa Carney,actor
94331,Melissa Long,2012,0,Terry Santos,writer
25579,Danielle Johnson,1912,0,David Freeman,director
90177,Lynn Montgomery,1941,1961,Michelle Baker,writer
10517,Samantha Cook,2009,2014,Bryan Carey,actor
26414,William Myers,1920,1977,Jordan Contreras,director
45906,Lisa Martin,2010,0,John Reed,writer
36112,Christopher Cole,1928,2004,Kevin Williamson,writer
24152,Samuel Summers,1958,0,Leah Mcgrath,director
85635,Justin Spencer,1945,0,Brenda Rivera,director
29685,Jason Lawrence,2024,0,Timothy Davis,director
27490,Christopher Barnes,1962,2011,Anita Bryant,director
33747,Christopher Blackwell,1911,0,Jessica Nelson,writer
91346,Donald Johnson,1928,0,Roy Morgan,actor
14741,James Byrd,1932,1952,Tammy Castro,writer
83732,Lisa Adams,1959,1989,Michelle Cox,actor
24543,Cheryl Stewart,1973,1978,Cathy Johnson,actor
27574,James Davidson,1930,1988,Wayne Elliott,director
44604,Dawn Fleming,1938,0,John Fernandez,writer
12325,Bonnie Kramer,1943,0,Jesse Hernandez,writer
68675,Cody Morton,1984,1988,Ashley Ballard,writer
70635,Michele Murray,1972,1995,Madison Morris,director
97039,Steven Oconnor,2002,2013,Kellie Owens,writer
16182,Judy Davis,1901,1998,Nichole Anderson,writer
83035,Jacob West,2002,0,Mr. Joshua Fields,actor
64226,Karen Stone,1900,0,James Montgomery,director
97899,Vincent Garza,2019,0,Edward Perez,actor
60640,Lisa Kirk,1938,0,Timothy Cooper,writer
96624,Jonathan Huang MD,1909,0,Luis Gonzales,director
94058,Deborah Munoz,2008,0,Bradley Parker,actor
32769,Jacqueline Gutierrez,1965,1967,Scott Stephens,director
53981,Andrew Hunt,1918,1983,Mackenzie Anderson,director
38867,Christopher Jones,1916,1961,Amy Morris,actor
33647,Mike Brown,1931,1999,Jose Dalton,writer
33534,Amber Silva,1990,0,Mrs. Sarah Lowe,director
40645,Christina Chandler,2022,0,Robert Hughes,director
79882,James Bell,1910,2019,Amber Holt,actor
36101,Crystal Smith,1981,2005,Julie Gonzales,director
49003,Mrs. Erika Ramirez,1901,2017,Teresa Goodman,actor
54986,Peter Clark,2018,0,Rebecca Perez,actor
97900,Hannah Lee,1914,1958,Brenda Howell,writer
97998,Leslie Nichols,2012,0,Katherine Adams,actor
85800,Justin Larson,2020,2021,Gina Ramirez,director
96090,Luis Lambert,1967,0,Stephen Johnson,writer
69201,Stuart Long,1968,1997,Colton Warner,actor
43306,Cynthia Travis,2023,0,Sandra Becker,director
10688,Anthony Jennings,1946,2002,Jared Stone,director
61668,Dr. William Rodriguez DVM,2001,2018,Tanya Mann,writer
91492,David Patel,1996,0,Charles Morton,director
96308,Kenneth Lee,2010,0,Corey Gibson,writer
24552,Michael Gamble,1929,2001,Adrian Gonzalez,director
54250,Ashley Adams,2000,2001,Katherine Jackson,director
71874,Richard Garrison,1927,1981,Angela Miller,writer
82624,Shelby Hebert,1964,0,Eugene Moore,writer
10010,Ricky Archer,1966,2013,Jose Perez,actor
19724,Kyle Hahn,1939,1940,Erika Doyle,actor
72786,Brandon Burch,1944,2003,Lisa Silva,actor
83952,Kayla Figueroa,1984,2011,Colin Love,director
96665,Brian Pitts,2002,2019,Stephanie Dominguez,actor
38959,Carlos Kennedy,2010,0,Connie Kim DVM,writer
40817,Danny Simmons,1979,0,Omar Cooke,actor
75698,Jeffrey Parker,1931,1995,Tonya Ramirez,actor
63072,Cassandra Dodson,1954,0,Alan Thompson,actor
27281,John Hoffman,1934,2015,Patrick Franklin,director
48772,Marco Swanson,1978,2001,Isabel Hurst,director
55011,Michael Perez,1904,0,Jason Cowan,actor
17606,Jason Lara,1926,2013,Kelli Warner,writer
33591,Anthony Burton,1909,0,James Stephens,director
83575,John Watson,1902,1916,Ashley Garcia,director
97103,Taylor Wong,1988,0,Kristina Ponce,writer
62441,Nancy Harris DDS,1933,0,Christina Baker,director
76451,Jeremiah Delgado,1928,0,Carrie Morales,writer
92102,Kristine Alvarado,1937,2009,Karen Sanchez,director
64140,Michael Potter,1969,2016,Jose Hamilton,actor
89015,Johnny Dawson,1910,0,Michael Lopez,director
49907,Robert Wilcox,1920,1967,Pamela Williams,actor
97283,Debbie Morrow,1995,0,John Thompson,writer
12854,Oscar Lee,2017,0,Amanda Daniel,actor
55702,Eric Johnson,1952,0,Charles Henderson,actor
17067,Matthew Miller,1978,2001,Patrick Burch,director
60184,Melissa Jordan,2010,0,Sarah Berg,director
71746,Jacob Cordova,1930,1985,Patricia Vega,director
10278,Lisa Garcia,1983,0,Manuel Porter,director
72822,Gregory Cabrera,1941,0,Laura Rojas,director
43268,Darryl Smith,1969,0,Samuel Williams,actor
60921,Travis Fisher,1933,0,Lauren Harris MD,writer
94595,Gerald Gray,1956,0,Beverly Butler,writer
52606,Elizabeth Farrell,1937,0,Austin Ramirez,director
52362,Tiffany Reyes,2018,0,Deborah Arellano,writer
50502,Shelby Hicks,2012,0,Beverly Hammond,writer
99573,Rachel Farmer,1936,1970,Curtis Doyle,writer
82272,Tammy Davis,2007,2017,Sierra Edwards,actor
12450,Katherine Henderson,1919,0,Garrett Hunter,director
19867,Justin Jones,2000,2014,Timothy Morgan,director
52852,Kevin Foster,1967,0,Tyrone Rowe,writer
14686,Danielle Reed,1900,1935,Margaret Thomas,writer
91442,Jodi Gilbert,1991,2019,Lisa Miller,writer
52546,Jacob Carter,1991,2006,Wayne Herrera,director
23893,Sarah Lynch,1937,0,William Ware,director
71012,Melinda Nelson,1933,1991,Michael Graham,director
94111,Amanda Medina,1937,0,David Andersen,actor
26324,Erin Jackson,1921,0,Kimberly Warner,writer
67388,Roger Sawyer,1958,2021,Anthony Tucker,writer
27169,Abigail King,1944,1979,Jacqueline Mcdonald,director
41838,Alexis Dickson,2020,0,Cindy Mcgee,writer
28117,Glenn Friedman,1910,0,Ricky Carpenter,director
24444,Andrew Taylor,1924,1984,Corey Yates,actor
24156,Anthony Levine,1983,2022,Justin Thomas,director
71568,Jasmine Adams,1986,0,Wendy Baxter,director
43945,George Hernandez,1946,0,Valerie Ware,writer
16475,Scott Elliott,1952,0,Daniel Flores,director
75598,Tami Ballard,1921,0,Elizabeth Macdonald,actor
83642,Lindsey Ortiz,1920,0,William Olsen,director
90224,Thomas Riddle,1995,0,Natalie Vazquez MD,writer
45964,Michael Henry,1972,0,Jacqueline Armstrong,actor
89304,Jordan Sparks,1923,1952,Matthew Shepherd,writer
30194,David Bridges,1927,0,Lisa Lopez,writer
60779,Matthew Martinez,2012,2014,Patricia West,writer
94266,Stephen Wade,1962,1975,Sheila Smith,actor
92639,Jason Martinez,1957,0,Autumn Thomas,actor
87669,Jason Hicks,1985,0,Tracy Pham,director
35577,Jeremiah Zhang,2004,2020,Michele Riley,actor
76115,Theresa Ortiz,1967,0,Bryan Berry,actor
46890,Patrick Williams,2021,2023,Katherine Mcmillan,actor
66782,Carrie Lewis,1936,0,David Larson,actor
11208,Mary Lang,1997,2012,Dan Barnett,writer
21972,Michael Page,2015,2016,Matthew Larson,writer
48003,Justin Mitchell,1913,1919,Brian Mora,writer
32911,Misty Berry,1929,0,Alice Fields,actor
91431,Matthew Jones,1954,0,Mallory Gonzales,actor
15011,Austin Roy,1909,1994,Marilyn Pierce,writer
44480,Stephanie Howell,1905,0,Laurie Carter,actor
73510,Katherine Kramer,1933,0,Mrs. Courtney Clayton DDS,director
40011,Edward Holland,1958,0,Casey Sanchez,director
38441,William Riley,1916,1927,Brittney Moore,writer
20683,Alexander Wilkins,1932,0,Timothy Patterson,actor
71040,Eric Craig,1988,0,Tommy Singleton,actor
31487,Sheila Simmons,1969,0,Yvonne Stewart,actor
31844,John Ross,1995,0,Aimee Peterson,actor
15729,Angela Marshall,1975,2007,Nathan Jordan,actor
30924,Corey Phillips,1943,0,Phillip Martinez,writer
18664,Laura Hughes,1906,0,Jessica Porter,actor
10732,Christopher Peterson,1906,0,Lori Cunningham,actor
52729,Patrick Richards,1957,1971,Brian Jenkins,writer
65198,Jerry Brown,1924,0,Dr. Dylan Benjamin,actor
99156,Cody Vincent,1977,1996,Julie Thomas MD,director
36523,Chelsea Johnston,1913,0,Devin Henderson,director
19150,Robert Chung,1941,1986,Jaclyn Hale,director
88608,David Hayes,1922,1988,Elizabeth West,writer
29904,Julia Mahoney,1928,2010,Brett Rogers,actor
58976,Linda Young,2001,2017,Eric King,director
43391,Kimberly Martin,1983,2023,Andrea Harris,director
26879,Carlos Padilla,1961,0,Rachel Mayo,director
96023,Robert Clark,1915,1992,Margaret Chavez,actor
15200,Joy Murray,2006,2011,Barbara Vaughn,director
82664,Jerry Brennan,1984,2011,Thomas Hicks,actor
35393,Ana Aguilar,1945,0,Courtney Black,actor
49862,Lisa Jones,1915,1979,Monica Richmond,writer
35954,Samantha Smith,1913,0,Shannon Mercado,director
80113,Jenny Pollard,2017,2019,Cheyenne Stephens,actor
99685,James Hall,1979,1985,Melissa Parsons,director
67021,Natalie Hampton,1912,0,Gina Mccarty,actor
59486,Brandon Mosley,1900,1992,Sandy Hoffman,writer
59229,Darrell Davis,1941,0,Renee Gomez,director
45026,Connie Hood,2017,0,Michael Shaw,writer
93353,Brandon Johnson,1925,0,Matthew Walters,director
16792,William Cruz,1985,2008,Keith Nguyen,writer
71383,Craig Murray,1939,1993,Douglas Ibarra,director
87595,Joseph Hernandez,1922,1993,Veronica Franklin,director
24726,Charles Durham,1995,2012,Cody Moore,director
17907,Christopher Taylor,2023,2024,Zachary Garcia,actor
96792,Victor Cole,1995,0,Barbara Green,writer
34970,Krista Gibson,2019,0,Stephen Webster,writer
31089,Jaime Cannon,1949,2019,Kyle Gonzalez MD,director
39600,Kathleen Turner,1920,0,Lisa Fuentes,actor
31771,Samuel Pratt,1945,2002,Robert Johnson,director
96334,Patrick Kim,1901,0,Mark Barker,actor
25136,Victoria Brooks,1970,1999,Brandon Campos,writer
39540,Lance Gonzales,1920,1963,Jacob Ball,actor
70278,Miranda Wilson,1979,2006,Samantha Nelson,writer
90200,Tony Patel,2024,0,Kelly Moran,actor
16453,Kristen Powers,1927,0,Renee Brennan,director
98037,Tim Cox,1927,1986,Julia Brock,director
69492,Brittany Robinson,2011,2023,Danielle Washington,writer
36627,Matthew Gordon,1956,1977,Joshua Green,actor
90072,Jessica Morales,1957,1967,Michael Suarez,director
54460,Julie Rangel,2018,0,Justin Vasquez,actor
18470,Valerie Wright,2009,0,Lisa Cruz,director
16698,Kristin Price,1977,1999,Taylor Williams,director
51459,Rebecca Sosa,1912,0,Jodi Wells,director
20586,Jason Martinez,1952,1963,Caitlin Holt,writer
73233,Gabriella Boyer,1943,1969,Lisa Olson,actor
80284,James Smith,1941,2005,Colin Pittman,actor
18315,Michael Adams,1921,1979,Angela Harris,writer
45362,Matthew Robinson,1913,0,David Campbell,director
31336,Yolanda Smith,1913,1958,Jim Callahan,writer
63693,Kelly Rogers,2017,0,Lawrence Henderson,director
21533,Kimberly Roberts,1937,1998,Margaret Perez,writer
99560,Denise Avery,1998,2024,Anthony Long,actor
89468,Jamie Newton,1972,0,Thomas Foster,writer
58768,Joe Frazier,1947,1979,Michelle Austin,actor
24001,Crystal Butler,1992,1995,Denise Jennings,writer
55166,Juan Villarreal,1981,2014,Shelia Gilmore,director
37355,Lynn Valenzuela,1981,1994,Denise Roman,actor
95748,Patrick Dawson,1992,0,Rachel Silva,actor
99019,Brad Cantu,1940,0,Nancy Jenkins,director
68172,Mark Brooks,1954,1993,Beverly Johnson,writer
29550,Denise Cardenas,1949,0,Joseph Fernandez,writer
91330,Jesse Reed,1906,0,Melissa Wyatt,writer
76266,Justin Ingram,1906,0,Brooke Beck,writer
70492,Jason Galvan,1915,0,Ricky Sanchez,actor
94071,Becky Garcia,1925,0,Veronica Carr,director
83616,Sandy Woods,1992,0,Juan Scott,director
50412,Howard Hardin,2010,2022,Jessica Moore,writer
52499,Katie Shelton MD,1918,1937,Austin Fitzgerald,writer
31625,Bonnie Bishop,1922,2021,James Harris,actor
24368,Sabrina Edwards,1903,0,Patrick Wade,writer
70153,Matthew Patel,1947,0,Robert Willis,writer
50966,Chloe Jordan,1962,0,Anthony Case,actor
71244,Jo Hansen,2022,2023,Regina Smith,director
20282,Brian Bennett,1934,0,Pamela Hernandez,writer
53613,Sara Tran,1962,1978,Katie Wright,actor
43350,Micheal Jenkins,2013,0,Andrea Curtis,director
21399,April Reid,1973,0,Stacy Ingram,director
48241,David Ramirez,1904,1941,Diana Paul,writer
64438,Mary Boyd,1990,0,Donna Johnston,director
39875,Diana Ryan,1937,0,Elizabeth Carr,writer
98891,Kurt Bradshaw,1952,2012,Wendy Evans,director
21859,Mitchell Cain,1920,1950,Teresa Caldwell,writer
40402,Christopher Lewis,1992,2016,Kayla Oliver,writer
49046,David White,1955,0,Kim Morrow,writer
14787,Victoria Bell,1907,0,Tammy Key,actor
79443,Melissa Goodwin,1964,0,Taylor Jennings,actor
31737,Kathryn Wallace,2002,2014,Cynthia Johnson,writer
44408,Veronica Vaughn,1966,0,Joseph Martin,director
70584,Carrie White,1928,0,April Brown,actor
74607,Steven Smith,1914,2010,Sierra Mullen,writer
77539,Jane James,2016,0,Alyssa Sherman,actor
83196,Brittany Baldwin,1965,1975,Dale Hughes,director
15871,Paul Valdez,2015,2019,Richard Austin,writer
25252,Brian Andrade,1926,2013,Kelly Rosales,actor
19591,Christopher Mccarty,1989,0,Jennifer Pruitt,director
53709,Hailey Roth,1916,0,Gabriela Beck,director
88028,Julia Collins,1907,1911,Brian Good,director
87770,Kelsey Rogers,1959,0,Kristina Moore,actor
51282,Erik Cook,1914,0,John Graham,actor
73994,Marc Esparza,1946,0,Pedro Davis,writer
64888,Jennifer Lewis,1909,0,Lori Williams,writer
51061,Garrett Tucker,1928,0,Stacy Gonzalez,actor
77617,Steven Hutchinson,2009,0,Angela Garcia,writer
50961,Roger Pope,1953,1989,Sara Munoz,writer
58283,Melissa Patel,1956,1999,Kevin Fletcher,writer
51237,Nicholas Williams,2023,2024,Ashley Nelson,director
54820,Andrew Cook,1921,0,Jonathan Hunter,director
62389,Ryan Gallegos,1998,0,Cynthia Martin,director
63304,Brian Thomas,1933,1944,Lisa Kaiser,writer
81073,Paul Stephens,1936,2010,Hunter Francis,writer
34690,Edward Odonnell,1999,2012,Terri Abbott,director
50691,Laura Jones,1987,0,Jessica Baldwin,actor
52999,Anne Gonzalez,1940,0,Lisa Estes,writer
60035,Brad Sutton,1941,0,Brianna Clayton,actor
77712,Desiree Bryant,1969,0,Derrick Alvarado,director
68847,Brooke George,1925,0,Derek Gomez,director
34378,Derek Munoz,1954,0,Brian Sawyer,director
15195,Stacy Perez,1904,0,Clayton Chen,writer
92384,Mr. Curtis Dean,2020,2021,Ashley Valdez,director
55923,Jeremy Williams,1954,0,Laura Wilkins,director
77853,Joe Fuller DDS,1979,0,Katherine King,actor
28729,Erica Young,1902,0,Jesse Snyder,actor
95772,Michael Hart,1921,0,Gary Jennings,director
41837,Catherine Montoya,1918,0,Garrett Thompson,actor
66723,Jennifer Garner,1901,0,Rachel Cannon,writer
10042,Paul Collins,1971,0,Sonya Summers,director
82045,Haley Grant,2006,2018,Daniel Hunt,director
37262,Mrs. Tina Kramer,2006,2015,Jennifer Werner,director
96879,Jennifer Webb,1903,0,Brian Dudley,writer
59835,Adam Walker,1965,0,Taylor Jenkins,writer
68230,Lisa Shaffer,1978,1981,Lisa Rodriguez,actor
19686,Kristina Jennings,1983,2007,Jeffrey Hughes,director
65798,Eduardo Jones,1972,1987,Amanda Lambert,director
53414,Melissa Garcia,1902,1937,Amy Davis,actor
72523,Matthew Russell,1931,0,Alfred Rivas,actor
49626,Whitney Huffman,2005,2018,Isabel Reynolds,director
74048,Sonia Ferguson,2003,0,Kathy Miller,writer
60310,Brittany Gonzalez,1931,1945,Ryan Sanders,director
14536,Tracy Barnett,2024,0,Crystal Brown,actor
40441,Monica Johnson,1995,0,April Davis,director
15479,April Clark,1999,0,Grace Thompson,writer
17005,Karen Ramos,2015,0,Rebecca Schmidt,writer
58225,Megan Hughes,2003,2019,Bonnie Lindsey,writer
44194,Tiffany Phillips,1936,0,Kevin Kim,director
81341,Cynthia Johnson,1965,1976,Michael Ramirez,actor
92831,Francis Hester,1964,0,Jennifer Mendez,actor
38760,Teresa Morrison,1985,0,Richard Hill,writer
11262,Erika Contreras PhD,2010,0,Kimberly Wood,director
46266,Erin Molina,1986,2022,Anthony Mccarthy,actor
76447,Carlos Shah,1940,2006,Heather Smith,actor
50917,Katelyn Zimmerman,1962,1982,Felicia Stevenson,actor
96277,Mary Melton,1953,1991,Robert Smith,writer
63658,Jennifer Marquez,1997,0,Curtis Strickland,director
47099,Lisa Moore,2019,0,Sarah Mcgee,writer
31346,Taylor Figueroa,1932,2020,Brandi Adams,actor
98258,Bill Thompson,1915,0,Vincent Flowers,actor
54974,John Brown,1965,0,Sophia Solomon,writer
55171,Charles White,2024,0,Mary Chase MD,writer
73724,Charles Flores,2020,2024,Elizabeth Bailey,director
93951,Natalie Jones,1954,0,David Bartlett,writer
43267,Olivia Perez,1945,0,David Buckley,writer
42642,Cheryl Castro,1961,1973,John Barnett,actor
53740,Kelli Chen,1981,2021,Kathryn Pierce,actor
47548,Jack Schroeder,1993,0,Shawn Melendez,writer
41452,Jill Boyd,1965,1994,Briana Hoffman,writer
97819,Brenda Holder,1949,1966,Daniel Hall,writer
60015,Mr. Robert Flores,1978,1999,Thomas Jones,director
97851,Thomas Cook,1910,1943,Christopher Lutz,writer
54404,Lance Elliott,1900,1923,John Parker,writer
92519,April Hernandez,1968,0,Dr. Kathleen Day,writer
97535,Joseph Young,1985,0,Timothy Soto,director
88346,Patricia Dixon,1987,0,Matthew Day,director
22227,Victor Washington,1971,1991,Laurie Bowman,actor
37532,Nancy Hamilton,1957,1960,Robin Lee,writer
85358,Leslie Potter,1907,2023,Annette Woods,director
58737,Julia Le,2012,0,John Garcia,writer
86386,Alejandro Russell,1975,0,Antonio Green,director
86783,Alexandra Thompson,2012,2018,Eric Gates,director
11436,Catherine Humphrey,1945,1991,David Morgan,writer
21954,Dakota White,1979,1988,Anthony Vincent,writer
44074,Michael Key,1999,0,Tanner Moreno,writer
62387,Keith Robbins,1959,2016,Laura Parrish,writer
12906,Nicole Ballard,1992,0,Yvonne Ramirez,writer
74526,Stanley Barnett,2022,2024,Daniel Thompson,director
94689,Amy Shannon,1955,1978,Jill Patrick,actor
22185,Brenda Buckley,1945,0,Lori Bishop,director
43682,George Lane,2006,2008,James Richardson,actor
88469,Alfred Wheeler,1995,2018,Katherine Bell,actor
44553,Donna Everett,2004,0,Joshua Richmond DDS,director
68960,Brian Parks,1997,0,Stefanie Moore,actor
39006,Carrie Johnson,2016,0,Peter Moran,writer
55671,Alison Miller,2005,0,Christopher Barajas,actor
79637,Alicia Chavez,1938,1946,Andrew Brown DDS,writer
66963,Joseph Richards,1997,2010,Jessica Diaz,actor
71913,Gerald Vasquez,1929,2008,Erik King,director
86420,Chris Cox,1970,0,Nicole Torres,actor
56983,Bethany Campbell,1962,1999,Sarah Mclean,director
75770,Anthony Duran,1904,0,David Rasmussen,writer
32232,Tiffany Mendoza,1938,0,Jeremy Wright DDS,director
85445,Jenna Perez,1947,2004,Derek Reynolds,director
23199,Dr. Jennifer Chaney,1998,2000,Scott Jacobs,actor
90731,Susan Farley,1987,2018,Caitlin Watkins,writer
88681,Carol Murphy,2020,2022,Shannon Carter,actor
45309,Charles Jones,2007,2015,Kelly Humphrey,actor
34063,Amanda Evans,1953,0,Kenneth Chambers,actor
50189,Martha Clark,1901,1912,Henry Morgan,writer
78440,Lisa Jordan,1919,1947,Emily Lewis,actor
70264,Natalie Green,1906,0,Jeffrey Figueroa,writer
34165,Morgan Campos,1992,1997,Laura Bailey,director
85810,Michelle Kim,1939,0,Joshua Jordan,writer
67065,Michele Valentine,1944,0,Bernard Jackson,director
66144,Danielle Garcia,1921,2002,Arthur Miller,director
45351,Roberto Smith,1965,0,Sara Pena,writer
85981,Michael Thomas,2009,2022,Terry Sanders,actor
54493,Shawn Wolf,1955,0,Christine Mosley,actor
44623,Roger Love,1935,0,James Reyes,actor
46476,Michael Johnson,1927,0,Patricia Smith,actor
11693,Lindsay Perez,1949,0,Drew Shaw,director
95703,Alan Gutierrez,1975,0,Michelle Hernandez,writer
12572,Michelle Pratt,1908,2003,Paul Davis,writer
77002,Roger Ortiz,1935,0,Ronald Giles,actor
86694,Courtney Nelson,1967,2007,Kristin Johnson,writer
32446,Sue Cox,1910,0,Kara James,writer
45395,Gregory Wong,1912,2007,Janice Brown,writer
11074,Virginia Ayala,1979,0,Kimberly Martinez MD,writer
64949,Patricia Collins,1947,2015,Juan Brown,writer
89239,Charles Foster,1924,1996,Cody Schmidt,actor
45774,Ryan Johnson,1948,1958,Elizabeth Stevens,director
36086,Sarah Murphy,1966,0,Jeremy Garcia,actor
86037,Jason Barton,1926,1971,Christopher Cervantes,director
11292,Edward Crawford,1928,0,Aaron Greene,director
79457,Yvonne Murray,2009,2020,Eric Mcdaniel,actor
87167,Jared Ingram,1918,0,Barry Davis,writer
52804,Heather Smith,1931,1948,Clinton Shaffer,director
92305,Alyssa Herrera,1944,0,Kelly Oliver,actor
37400,Ronald Marshall,1940,1985,Andrew Schmidt,writer
50491,Julie Rhodes,1945,0,Tyrone Barnett,director
36089,Charles Washington,1900,1975,Nathaniel Sexton,actor
77665,Nancy Hernandez,1977,2014,Amy Flores MD,actor
60315,Elizabeth Turner MD,1961,2002,Joshua Noble,writer
49565,Sharon Hall,1936,0,Hector Wallace,director
10248,Michael Ramirez,1930,0,Bradley Patel,director
33681,Anthony Rivera,1941,0,Anthony Gonzalez,actor
57862,Melissa Turner,2001,2019,Kimberly Brown,actor
17295,Brittany Lee DDS,1924,0,Bruce Guzman,actor
99700,Troy Wilson,1969,2016,Noah Leblanc,actor
93081,Victoria Petty,1928,1965,Ronald Gibson,director
42243,Jennifer Pena,2004,0,Angela Johnson,actor
74888,Stacy Drake,1982,0,Kimberly Ward MD,writer
79629,Nicole Trevino,1936,0,Patrick Camacho,actor
75423,Micheal Terrell,1953,1961,Gary Richardson,writer
88935,Amanda Campbell,1917,0,Tammy Wood,director
97233,James Rodriguez,2022,2024,Angel Mcmahon,actor
53857,Heather James,1931,0,Mark Potter,actor
99341,Derrick Reynolds,1986,0,Amy Jones,director
30390,Carrie Obrien,1930,0,Donna Hernandez,actor
41490,Valerie Spencer,1946,0,Andrew Dennis,writer
50901,Gina Shah,2002,2024,Sharon Howard,actor
79224,Mark Morgan,1966,0,Gloria Smith,writer
49036,Abigail Stout,1963,0,Dawn Martinez,actor
12584,Joseph Olson,1938,0,Michelle Hunt,director
31143,Daniel Joseph,1950,1999,Leslie Bryant,actor
88914,Monica Martinez,1917,1984,Dawn Ramsey,actor
61127,David Bell,1912,1927,Julie Morgan,writer
44186,Theresa Allen,2006,0,Angela Stokes,actor
62129,Elizabeth Graham,1972,0,Jack Hester,writer
80827,Tammy Malone,1966,0,Virginia Anderson,actor
84335,Randy Murphy,1952,0,Sherry West,director
61013,Lisa Jackson,1968,1970,Meagan Cox,director
18720,Daniel Hancock,1914,0,Alexander Stevens,writer
66635,Richard Bailey,1947,2012,Joseph Tucker,actor
38576,James Thomas,2024,0,Daniel Henry MD,actor
69407,Elizabeth Brown,1985,0,Brett Bernard,director
61718,Mr. Andrew Page,1976,0,Emily Rivas,actor
16562,Kelly Lamb,1967,1981,Gregory Chandler,actor
29594,Aaron Johnson,1961,0,Amy Wolf,actor
33283,Keith Knight,1952,1994,Shane Bauer,writer
25221,Holly Roberts,1975,0,Bethany Hernandez,actor
15265,Alice Johns,2003,0,Stephen Thompson,writer
13757,Rachel Rice,1985,2022,Eric Ortega,director
93039,Dr. Kimberly Garcia,2019,0,Joseph Peterson Jr.,actor
98095,Jesse Scott,1974,2009,Scott Weber Jr.,writer
56110,Mrs. Rachel Martinez,1915,0,Julia Velasquez,writer
78793,Gina Mccarthy,1906,0,Melissa Davenport,writer
74569,Steven Jimenez,1927,1944,Brenda Smith,actor
45310,Alejandra Patel,2018,2020,Brittany Torres,writer
29530,Destiny Simpson,2000,2009,Johnny Anderson,writer
99972,Spencer Price,1996,0,Felicia Mendoza,director
24752,Erica Pope,1951,2009,Jason Hudson,actor
16633,Robert Smith,1954,0,Eric Phillips,director
54380,Richard Gross,1924,0,Laura Greene,actor
77833,Timothy Ball,1927,0,Paul Jones,writer
70416,Ryan Leblanc,1916,0,Linda Myers,director
66582,Craig Smith,2005,2013,Stephanie Keller DVM,actor
68835,Barbara Bird,1905,0,Joseph Newton,actor
46751,Colleen Howell,1929,1955,David Dunn,writer
84461,Shannon Carlson,1950,0,Darryl Lutz,actor
75016,Brandon Buchanan,1979,0,Cindy Walker,writer
62491,Annette Johnson,1943,0,Donald Martinez,director
71171,Karen Martin,1924,2020,Lee Allen,actor
15322,Sara Stone,1910,0,John Howard,actor
44075,Victoria Jones,1967,2002,Michele Smith,writer
98869,Franklin Hebert,1950,2018,Samuel Clements,director
20159,Luis Jones,1962,0,Amanda Powell,writer
24780,Christine Wade,1989,2020,Bruce Bryant,actor
50617,Christina Wilcox,1904,0,Michael Ford,director
74626,Frances Chandler,1933,1984,Barbara Roberts,writer
51542,Rhonda Hoffman,1942,2008,Tiffany Cooke,actor
71085,Larry Armstrong,2001,2011,Joshua Simon,actor
95635,Keith Chen MD,1988,0,Sabrina Smith,actor
57064,Gregory Anderson,2008,2015,Shannon Castro,director
22659,Melissa Hart,1966,0,Kenneth Rivera,actor
74310,John Moore,2013,2017,Donna York,actor
84806,Damon Mata,1901,0,Emily Watson,writer
55468,Caleb Jones,1950,0,Brandon Anderson,writer
81919,Daniel Middleton,1949,1974,Lori Rodriguez,actor
54426,Meredith Glover,1909,0,Jennifer Hart,director
47510,Jonathan Williamson,1994,0,April Nguyen,actor
16308,Kendra Medina,1934,0,James Santos,actor
43805,Elizabeth Thompson,1928,0,Jeff Franco,director
61492,Dr. Benjamin Soto,1980,2016,Michael Newman,writer
65853,Danny Calhoun,1922,0,Shawn Curtis,actor
70609,Timothy Roberts,1959,1987,Susan Carter,director
17126,Mark Ward,1901,0,Allen Green,director
23825,Shane Cameron,1921,1956,Karen Gonzalez,writer
41850,Patricia Moody,1949,2004,Miss Katherine Hutchinson,writer
89629,Brandon Cervantes,1918,0,Steven Payne,director
24340,Cynthia Park MD,1941,0,Taylor Carter,writer
77655,Oscar Mcmahon,2014,0,Nicole Tanner,actor
31517,Jennifer Friedman,1923,1935,Susan James,writer
30950,Frank Hayes,1963,2001,Alexander Bowen,writer
11011,Michael Mills,1938,0,Jose Case,actor
23890,Beverly Krueger,1984,1988,Derrick Andrews,actor
42745,Dawn Olsen,1955,0,John Simmons,writer
99118,Margaret Miller,1962,1975,Heather Salazar,actor
81483,Steven White,1936,0,Laura Kennedy,director
93710,David Richardson,1902,2008,Nicole Spears,actor
75491,Kelsey Long,1900,1946,William Campbell,writer
70613,Alejandra Carlson,1977,0,Jade Olson,writer
71022,Howard Dillon,1945,0,Mark Neal,director
98516,Sharon Davis,1963,1988,Yolanda Snyder,actor
25063,Crystal Caldwell,1983,0,Michelle Smith,writer
89321,Jonathan Price,1962,0,Erik Sanchez,writer
96996,Janet Scott,2008,0,Sarah Johnson,actor
79720,Brian Floyd,1999,2002,Samuel Rosales,writer
46393,Joshua Becker,1947,1950,Joseph Morrison,actor
22384,Jo Russell,1968,0,Ryan Sanders,writer
29314,Kristina Jackson,1998,2014,Denise Hernandez,writer
18200,Michele Woods,2023,0,Mr. Seth Lee MD,actor
72038,Patrick Brown,1978,1993,Paul Henderson,actor
67637,Bonnie Armstrong,1949,1972,Jorge Camacho,director
92778,Joanne Jones,1960,2008,Micheal Carter,actor
20547,William Johnson,1971,0,Angel Moore,director
41991,Marcus Smith,1949,0,Melinda Smith,director
29414,Daniel Collins,1978,0,Katrina Gray,writer
37280,Patricia Willis,1965,0,Dennis Montoya,actor
60814,Terry Myers,1916,1977,Amy Johnson,writer
31245,Kirsten Smith,1917,0,James Bond,actor
36505,Matthew Strickland,2018,2022,Logan Harrison,director
55947,Martin Bond,1953,0,David Bush,actor
86822,Maria Parker,2009,2011,Barbara Woods,actor
76449,Angela Brown,1957,1963,Lauren Robinson,writer
55504,Wendy Alexander,1912,0,Leslie King,director
80826,Robert Kelly,2000,0,Brittany Glover,actor
19324,Laura Wilson,1968,2017,Rodney Sims,actor
82951,Linda Mason,1932,1953,Cassandra Lynch,writer
40891,Theresa Alvarez,1928,1978,Mr. Eric Adams,actor
82972,Andrew Brooks,2004,0,Patricia Smith,writer
71435,Shelly Garcia,1921,1990,Jeffrey Stephens,director
90849,Michael Hester,1917,0,Angela Parks,actor
47445,Katherine Powell,1964,0,Natasha Taylor,writer
32481,Daniel Davis,1930,2023,Kathy Cortez,writer
81316,Donna Sims,2023,2024,Christopher Mejia,director
66588,Shirley Carpenter,2008,2017,Daniel Munoz,actor
48628,Scott Harris,1969,2023,Tina Weaver,writer
44439,Cheryl Myers,1964,1995,Thomas Snow,writer
49103,Manuel Coleman,1991,2003,Barbara Hernandez,actor
30773,Casey Johnson,1963,1964,Denise Boyd,actor
98074,Leslie Walton,2015,2017,Brittany Stanton,actor
27964,Christina Elliott,1918,1984,Seth Johnson,writer
40737,George Reed,2008,0,Erica French,director
71775,Julie Lara,1931,0,Sarah Mcdonald,actor
10277,Cassandra Wyatt,1957,0,Brian Johnson,director
31477,Sandra Phillips,1956,2010,Barry Sawyer,writer
10622,Brett Robinson,1920,0,Julian Pearson,director
30245,Destiny Butler,1993,2009,Antonio Watson,director
13022,Chelsea Silva,2022,0,Debra Morgan,director
23968,David Clark,2009,2016,Michael Jordan,director
91139,Joel Wise,1950,1989,Gregory Ford,actor
50951,Sarah Henson,1902,0,John Odonnell,actor
15705,John Sanchez,1940,1944,Amy Clark,actor
49285,Scott Delgado,1977,0,Patricia Green,director
57940,William Webb,1956,0,Angel Benton,actor
58941,Amanda Harris,1958,0,Curtis Chapman,writer
16336,Julie Mayer,1998,0,Amy Martin,actor
73934,Amanda Roberts,1964,2011,David Rivers,director
95075,Christopher Friedman,1966,1992,Christopher Meyer,actor
23838,Willie Evans,1985,1999,John Ramos,writer
49122,Felicia Wilson,1946,0,Eddie Taylor,actor
73805,Stephanie Morgan,1996,0,Mark Hall,writer
80314,Dawn Rogers,1977,0,Roger Contreras,writer
70864,Meagan Garcia,1907,0,Mallory Lee,actor
75323,Donna Roberts MD,1973,0,Philip Smith,writer
35698,Teresa Gentry,2005,2022,Michael Johnson,actor
43988,Lynn Simon,1919,0,Timothy Short,director
42802,Jessica Garcia,1916,1985,Chris Evans,director
54570,Jeff Cooper,1979,0,Samuel Harris,director
37382,Douglas English,2024,0,Brenda Bailey,writer
72329,Kevin Bennett,1972,1988,Anthony Ross,actor
96994,Meagan Hayes,1966,0,Brent Horn,actor
16355,Steven Davidson,1950,0,Megan Moore,director
24265,David Johnson,1904,1925,Sarah Shannon,actor
71242,Aaron Cooper,1922,2017,Jesse Friedman,director
25356,Timothy Benson,1964,0,Ronald Ross,director
24374,Christopher Oneal,1986,0,Lisa Brown,actor
91102,Mark Williams,1944,1989,Julie Kelley,director
99173,Elizabeth Martin,1961,0,Lauren Conway,writer
98177,Robert Harris,1985,0,Carolyn Hobbs,actor
50657,Miss Dominique Pugh,1973,1995,Cameron Smith PhD,director
20977,Paul Smith,1954,1984,William Rivers MD,director
85328,John Owens,1979,0,Christopher Day,actor
19302,Haley Torres,1911,0,Tracy Livingston,director
93500,Christine Horn,1965,2004,Cynthia Daniel,director
43253,Zachary Stewart,1994,2015,Alisha Smith MD,writer
94638,Erica Norman,2012,0,Frederick Wu,director
21428,Jorge Smith,1932,0,Kelly Hayes,writer
15348,Laurie Castillo,2012,0,Christine White,director
95491,Joshua Price,1919,0,David Wells,director
66729,Jennifer Salas,1901,2014,Terry Martin,writer
83325,Charles Hernandez,1925,0,Jorge Carter Jr.,actor
14391,Jamie Wolf,1992,2021,Lisa Aguilar,actor
79323,Sarah Gates,2005,0,Wanda Hicks,director
28523,Nancy Hendrix,1992,2004,Carrie Mcdonald,writer
85840,Troy Christensen,1981,0,Lori Gardner,actor
78354,Meredith Rivera,1954,1958,Benjamin Richards,writer
83797,Kaitlyn Powell,1953,0,Anthony Schaefer,director
86959,Matthew Luna,1991,1992,Jennifer Moreno,actor
26292,Justin Hill,2006,0,Mrs. Robin Fields,writer
78137,Jennifer Miranda,1995,0,Donna Reilly,actor
73040,Jon Stark,1921,0,Leslie Young,writer
87114,Dustin Robinson,1914,1927,Angela Walker,actor
23651,Betty Johnson,2011,0,Michelle Chambers,actor
63539,Laura Frost,1944,0,Holly Gordon,director
47325,Sharon Phillips,1964,0,Tyler Hunter,director
96903,Juan Hays,1923,1957,Matthew May,writer
35938,Cindy Cummings,1937,0,Richard Jones,writer
50041,David Moore,1962,1964,Marie Hawkins,actor
30614,Luis Sutton,1903,0,James Cruz,actor
22137,Zachary Rodriguez,2016,2020,Douglas Snyder,actor
51035,Joanna Harris,1907,1913,Cheyenne Elliott,actor
75670,Keith Baxter,1972,0,Timothy Morrison,director
84910,Cameron Taylor,1935,0,Dr. Peter Wade,writer
75149,Brian Wise,1953,0,Timothy Franklin,actor
83367,Erin Gonzalez,2017,2018,Mark Perez,director
50612,Joe Harper,1919,0,Lee Holmes,actor
10481,Randy Singh,2023,0,Dawn Morales,actor
80006,Linda Clay,1954,0,Annette Murray PhD,director
85043,Samantha Stewart,1951,1980,Oscar Ball,director
92558,Robert Pacheco,2005,0,Brandon Moore,director
32045,Jonathan Cook,2003,0,Scott Bishop,writer
75854,Julie Kelly,1907,0,Robert Ortiz Jr.,writer
32910,Karen Lee,2011,0,Kenneth Schneider,writer
17525,Meghan Chandler,2021,0,Mackenzie Gonzalez,writer
63217,Jack Fields,2019,0,Kristen Shaffer,writer
96622,Rebecca Wilson,1936,1961,Melissa Coleman,writer
92079,Lisa Williams,1953,2014,Judy Russo DVM,director
15634,Alison Howard,2001,2003,Jamie Smith PhD,actor
44364,Caitlin Pearson,1912,2008,Monique Jackson DDS,actor
92761,Gabrielle Thompson,1964,0,Shane Peterson,writer
25855,Alison Reid,1923,0,Kimberly Smith,director
62532,Erika Massey,1902,1994,Mary Wright,actor
19930,Ashley Nelson,1957,0,Tracy Davis,writer
55314,Katherine Blake,1913,0,Kelli Guerrero,actor
13323,John Valdez,1906,2010,Anthony Garcia,writer
97182,Jesse Johnson,1921,2014,Isaac Santiago,actor
83332,Amanda Knight,1913,0,Katherine Garcia,director
18173,Joann Williams,1998,0,Harry Davis,director
33104,Tammy Miller DVM,1912,1991,Crystal Barnes,actor
63035,Cathy Burton,1992,2021,Eric Short,actor
67054,Stephen Green,1993,0,Savannah Stout,director
86525,Linda Taylor,1915,1970,Ricardo Klein,writer
72957,Annette Meza,1938,1939,Emily Day,director
45865,Katherine Curry,1922,0,Gabrielle Smith,writer
56954,Alicia Suarez,1998,0,Jeffrey Robertson,director
95117,Natalie Marquez,1942,0,David Hill,director
33685,Jennifer Ware,2019,0,Michelle Aguirre,writer
26479,Victoria Bryan,1921,1923,Debra Herrera,actor
31720,Lawrence Norris,1988,2003,Barbara Waters,actor
64587,Jason Anderson,1966,2024,Ana Atkinson,actor
69613,Douglas Hamilton,1903,0,Juan Nicholson,actor
19023,Kenneth Green,1908,1920,Leonard Stephens,director
67928,Christopher Meyer,2006,2022,Herbert Davis,director
72382,Erin Bird,1961,2013,Nicole Williams,writer
58456,Michael Flores,1917,1978,Christopher Johnson,director
34755,Christopher Shelton,1959,0,Bradley Mcclain,writer
64286,David Alvarez,1941,1971,Mathew Walton,actor
82907,Victoria Wright,1950,2003,Randy Garcia,director
83241,Nicole Bell,1922,1952,Brenda Smith,actor
11336,Katelyn Harrison,1909,1939,Jonathan Collins,actor
43653,Rita Lynch,1936,0,Nicole Drake,director
49625,Carrie Gomez,1959,1992,Tammy Mills,writer
69422,Joseph Cameron,1986,0,Stephanie Johnson,writer
78637,Joshua Whitney,1900,1957,Jeremy Martin,director
75414,Michelle Alexander,1950,2023,Shannon Davis DDS,director
19295,Frances Horton,1989,0,Brianna Baker,actor
80053,Nicole Smith,1941,0,Robert Sanchez,director
60112,Mary Dougherty,1942,2013,Amy Caldwell,actor
31809,Carol Lewis,2008,0,Elizabeth Nelson,actor
81359,Sydney Werner,1995,0,Amanda Murphy,actor
18557,Martha Crawford,1920,1921,Victoria Cox,actor
52566,John Casey,1981,0,Thomas Garcia,director
78999,Brian Williams,1926,0,Christopher Mcgee,writer
41748,Anthony Cummings,1947,1961,James Vargas II,writer
97469,Michelle Fuller,1985,2023,Jamie Smith,writer
59299,Michelle Garcia,1970,2007,Kyle Jordan,actor
99958,Pamela Abbott,1964,1992,Stephanie Lynch,actor
13361,Joseph Walker,1950,0,John Ray,writer
68997,Phillip Calhoun,1971,1989,Christina Miller DVM,director
79780,Robert Kent,2000,0,Michael Jackson,actor
84255,Michael Torres,1977,0,Karen Nunez,writer
38261,Christopher Harrison,1977,0,Madison Lopez,actor
67288,Luis Miller,1988,0,Kimberly Hudson,actor
32635,Heather Chan,1923,0,Amy Hayden,actor
89723,Lindsay Mejia,1927,0,Christopher Perry,writer
16073,Douglas Watkins,1932,0,Garrett Wilson,writer
98135,William Salas,1943,0,Jessica Mitchell,actor
46535,Kelsey Parker,1974,2012,Anthony Myers,director
56668,Stephanie Edwards MD,1986,2010,Ricardo Wilson,writer
10054,Jacqueline Burns,2011,0,Christina Fry,actor
22979,Brenda Rubio,1901,0,Richard Tucker,actor
71251,Jennifer Carney,1905,0,Michael Nguyen,director
12112,Cindy Arroyo,2018,0,Jessica Hamilton,writer
73608,April Schneider,1965,0,Abigail Guzman,actor
57257,Justin Johnson,1921,0,Chad Guerrero,writer
85601,Patricia Wiggins,1952,1997,Dana Rodriguez,writer
26288,Hannah Gonzales,2002,2017,Timothy Kim,director
20211,Austin Stone,1927,1973,Jill Bennett,writer
93551,Courtney Silva,2024,0,Sheila Brown,director
34039,Joseph Moran,1907,1955,Rachel Cowan,actor
70514,Alicia Wilkins,1993,0,Jennifer Wright,writer
64703,Jessica Davis DDS,1913,2005,Jessica Hernandez,actor
48697,Stacy Young,1994,0,Daniel Swanson,director
55840,Thomas Sanchez,2023,0,Stephen Bryant,writer
18520,Ryan Shea,1995,1997,Jennifer Campbell,writer
44291,Joseph Ingram,1944,0,Jordan Wise,actor
47931,Gregory Coleman,2000,0,Taylor Leblanc,actor
85060,Debra Hughes,2012,0,Roger Lee,director
91766,Kevin Sanders II,1980,2002,Sandra Wilson,director
36095,Angela Wilkinson,1999,0,Andrew Moore,actor
55457,Maria Baker,1903,1920,James Chung,actor
27146,Cindy Turner,1992,2003,Andrew Burns,director
62260,Becky Miller,1984,0,Gary Maldonado,actor
97874,Ann Kaufman,1953,1990,Jesse Ellis,director
46083,Kim Carpenter,1900,0,Kelly Santiago,director
65719,Aaron Coleman,1912,0,Gregory Ball,writer
50426,Dakota Rodriguez,1910,1980,John Holloway,director
75541,Victoria Clark,1922,0,Jill Fox MD,director
15194,James Torres,1976,0,Heather Schroeder,writer
38692,Aaron Williams,2021,0,Billy Avila,writer
23285,Samantha Kennedy,2003,0,Peggy Miller,actor
19268,Scott Davis,2010,0,Sandra Harvey,actor
36550,Christopher Brown,1912,1927,Denise Nelson,writer
99856,Susan Harris,1999,0,Caleb Thomas,writer
49413,Danny Cook,1991,2016,Zachary Coffey,actor
24515,Marilyn Adams,1925,1987,Michael Cantu,director
55788,Eric Hines MD,1940,0,Kristen Howell,director
51127,Tammy Martinez,1947,1976,Alisha Campbell,director
62793,Karen Miller,1920,2006,David Hill,actor
64824,Veronica Mckinney,1993,0,Michael Gilbert,director
77670,Eric Lee,1938,2000,Joseph Martin,actor
29903,Becky Lawrence,1903,2021,Morgan Nelson,actor
34652,Jason Davis,1913,2015,Shannon Chambers,writer
99124,Alexis Morgan,1924,0,Thomas Adams,writer
53180,Amy Patrick,1983,0,Amanda Duncan,writer
21187,Holly Martinez,1978,0,Andrew Frye,director
83652,Kathy White,1942,0,Kristen Bennett,writer
85542,Carly French,2013,0,Laura Thomas,actor
88831,Jason Willis,1948,0,Joel Rivera,actor
58040,Krista Smith,1983,2003,William Jones MD,writer
65583,Justin Johnston,1966,0,Jordan Rivas,actor
33250,Jessica Harrington,2002,2023,Jack Carr,director
17137,Ashley Hurst,2019,2023,Dale Torres,director
46713,Angela Howard,1986,1997,Michael Gonzalez,director
83577,Kaitlin Berry,2020,0,Kelly Christian,writer
88569,Lisa Armstrong,1952,0,Jason Medina,writer
48336,Regina Mack,2012,0,Helen Evans,actor
70630,Ms. Tracey Rhodes,1987,0,Felicia Williams,actor
76127,Tonya Ochoa,1958,2015,Christian Gallegos,director
55520,Amanda Montes,1995,0,Curtis Richards,actor
79476,Bobby Young,1971,1979,Deanna Jackson,actor
91686,Amanda Rojas,1984,0,Sylvia Bowers,director
42214,Tanya Barnett,2020,2023,Yvette Johnson,writer
25825,Felicia Ramsey,1995,0,Dr. Brian Moore,director
60030,Matthew Alvarado,1919,0,Paul Martinez,writer
98411,Jordan Dean,1999,2016,James Durham,writer
95652,James Dennis,2021,2023,Kevin Huffman,director
38994,Douglas Kim,1907,2018,Jared Bradford,director
91713,Joshua Nielsen,1942,0,Tiffany Key,writer
90352,Debbie Sheppard,1921,2002,Karen Brown,actor
32797,Michelle Cook,2021,0,Christina Gregory,director
18270,Melissa Espinoza,1941,2013,Dr. Michelle Sanchez,actor
14132,Michelle Brown,1939,2015,Megan Branch,actor
91505,Jaime White,1974,2012,Wesley Thomas,actor
50092,Evelyn Griffin,1945,2019,Jeffrey Barnett,writer
66426,Kyle Holmes,1956,2014,Kim Harris,actor
19421,Joshua Castro V,1935,1962,Sabrina Fletcher,director
86257,Wanda Harris,1982,0,Donald Miller,director
95639,Jennifer Welch,1921,0,Antonio Roberts,director
74338,Gabrielle Cuevas,1936,1943,Michelle Montes,actor
44133,Pamela Thomas,1964,1966,Steven Oconnor,actor
50100,John Graham,1910,0,Jason George,writer
42606,Joseph Rodriguez,1998,0,Kathleen Walker,writer
80204,Jennifer Anderson,1976,1991,Miss Katelyn White MD,director
96938,Timothy Carter,1953,1998,Adam Adkins,director
21269,Arthur Meadows,2006,2024,Edward White,actor
40567,Bradley Ruiz,1993,2017,Lee Morales,actor
59112,Elizabeth Singleton,1900,1931,Julie Tran,writer
39379,Scott Moore,1986,2018,Charles Mills,actor
83193,Andrea Mcneil,2011,0,Steven Goodman,writer
11579,Brandon Wolf PhD,2020,2024,Alyssa Gray,writer
41004,Charles Navarro,1930,1976,Jade Boone,actor
56079,Erika Garcia,1934,2016,Laura Kim,writer
59417,Michele Joseph,1923,1974,Jennifer Glenn,writer
77099,Ryan Smith,1947,0,Daniel Molina IV,writer
32801,Billy King,1938,1995,David Anderson,writer
67328,Patty Williams,1954,2009,Joseph Russell,actor
50435,Dana Perry,2022,2023,Lisa Smith,writer
78387,Vanessa Garcia,1995,2019,Tiffany Walters,actor
40299,Michael Nunez,1930,0,Rachael Parker,actor
85707,Mr. Michael Shannon Jr.,2020,0,Benjamin Robles,writer
24322,Kimberly Jackson,1903,1969,Benjamin Burgess,writer
34839,Karen Jacobs,1996,0,John Cohen,actor
52965,Alexandra Rodriguez,2016,2021,Amy Johnson,writer
84041,Deanna Wolf,1954,1975,Jason Glover,director
39431,Rachel Bradley,1934,1969,Stephen Wright,actor
95224,Laura Gardner,1963,0,Jordan Brown,actor
25842,Mary Fritz,2012,2022,Christopher Thompson,actor
84319,Belinda Cole,1986,1987,Andrea Clay,writer
97922,Kathryn Kelly,2019,0,John Parrish,actor
90719,Christopher Green,1902,1935,Mark Campbell,writer
15016,Michael Walker,1905,1988,Lynn Price,writer
36708,Susan Thompson,1917,0,Nicholas Munoz,director
96008,Matthew Hall,1990,0,Lisa Martinez,director
91170,Ruben Hill,1989,2021,Tyler Malone,director
40860,Amanda Mcgee,1943,0,Christopher Andrews,writer
81527,Kathy Perez,1903,0,Mary Travis,writer
10738,Sarah Flores,2010,2020,Billy Peters,director
95277,Melissa Howard,1935,1937,Todd Doyle,writer
55377,Jeffery Vasquez,1902,0,Johnny Lee,actor
70361,Christopher Baldwin,2022,0,Judith Skinner,actor
19471,Tina Crawford,1984,0,Jasmine Young,actor
71903,Kimberly Phillips,1953,0,Nicole Lopez,actor
38021,Michael Brown,2015,0,Holly Pacheco,actor
80283,Miss Lisa Alexander,1975,2001,Victoria Oconnor,director
29228,Angela Mullen,1917,0,Ronald Schmidt,writer
23840,Angela Andrews,1924,0,Jeffrey Smith,actor
33811,Christopher Baker,1906,1956,Sara Gonzalez,writer
26341,Allison Reed,1987,0,Patricia Taylor,actor
58120,Kimberly Hamilton,2019,0,Stephanie Bryant,actor
28880,Donald Hunt,1949,0,Ashley Quinn,writer
49851,Kayla Brown,1951,0,Joseph Newman,actor
64422,Shannon Kelley,1965,0,Mark Ballard,writer
33693,Cynthia Miller,2007,2013,Melanie Hogan,director
64990,Edward Ortiz,1927,0,Hannah Watson,writer
12061,Angela Zhang,2000,2024,Connie Warner,actor
40697,Steven Rocha,1903,1981,Jennifer Williams,director
91422,Matthew Payne,2015,0,Allison Estrada,actor
27356,Rebecca Martin,1904,2015,Christine Romero,writer
51945,Stacey Jenkins,1963,0,Pamela Lloyd,writer
72316,Stephanie Garcia,1922,2006,Kristen Hernandez,writer
88631,Brian Smith,1911,1926,John Tanner,actor
49213,Jeffrey Conner,1921,0,Julie Huynh,writer
74675,Kristin Mahoney,1946,0,Crystal Johnson,actor
49664,Jessica Krueger,2017,0,Emma Church,writer
78288,Brittany Hernandez,2021,0,Brian Scott,director
23910,Christine Cummings,2000,0,Christopher Adams,writer
52959,Chelsea Jones,1988,1993,Michael Moran,actor
67282,Christina Rodriguez,1958,2005,Patricia Turner,writer
33053,Nina Day,2024,0,David Ford,writer
52332,Dylan Smith,1960,1972,Elizabeth Fowler,writer
93227,Erica Reynolds,1939,1956,Courtney Allen,writer
60220,Taylor Thompson,1931,1994,Victoria Bean,writer
51259,Samantha Spencer,1947,0,Jennifer Villarreal,director
65777,Melanie Perez,1933,2011,Kevin Brooks,director
73895,John Hernandez,2003,0,Linda Miranda,director
91626,Mary Schmidt,1960,0,Samantha Garza,actor
90560,Luis Stewart,1983,0,Justin Briggs,director
63706,Cody Moore,1945,0,Debbie Fernandez,writer
31660,Caleb Smith,1936,2011,Matthew Andrews,director
29677,Laura Carrillo,1923,1948,Sarah Jones,director
14352,Kristina Sullivan,1901,2012,James Velazquez,director
39672,Michael Sanchez,1960,0,Matthew Morrison,actor
84457,Brett Kemp,1929,0,Robert Mitchell,writer
28373,Shawn Johnson,2021,0,Melissa Harris,actor
37535,Shannon Diaz,1967,1968,Rachel Ward,director
70803,Scott Decker,1936,2014,Jason Morris,director
17501,Kelly Sandoval,1977,2020,Katie Dickerson,director
37800,Jorge Smith,1942,1947,Amanda Richards,actor
72475,Steven Rhodes,1951,0,Donald Adams,writer
95944,John Martin,2012,0,Taylor Smith,writer
36274,Alicia Hernandez,2017,0,Kelly Gordon,writer
91590,Jacob Walker,1938,0,Jessica Ramirez,writer
